﻿movie_id,title,release_date,genres,youtubeId
1,Toy Story (1995),1-Jan-95,Animation|Children's|Comedy,K26_sDKnvMU
2,GoldenEye (1995),1-Jan-95,Action|Adventure|Thriller,3LPANjHlPxo
3,Four Rooms (1995),1-Jan-95,Thriller,rEnOoWs3FuA
4,Get Shorty (1995),1-Jan-95,Action|Comedy|Drama,j9xml1CxgXI
5,Copycat (1995),1-Jan-95,Crime|Drama|Thriller,ltwvKLnj1B4
6,Shanghai Triad (Yao a yao yao dao waipo qiao) (1995),1-Jan-95,Drama,2GfZl4kuVNI
7,Twelve Monkeys (1995),1-Jan-95,Drama|Sci-Fi,twTksx_lWB4
8,Babe (1995),1-Jan-95,Children's|Comedy|Drama,-C-xXZyX2zU
9,Dead Man Walking (1995),1-Jan-95,Drama,SCOxEKkuWG4
10,Richard III (1995),22-Jan-96,Drama|War,lcOqUE0u1LM
11,Seven (Se7en) (1995),1-Jan-95,Crime|Thriller,UrC75wUKoFM
12,"Usual Suspects, The (1995)",14-Aug-95,Crime|Thriller,tVdn8JH91Dg
13,Mighty Aphrodite (1995),30-Oct-95,Comedy,a6lGULmQdb0
14,"Postino, Il (1994)",1-Jan-94,Drama|Romance,dO2LWKpeyI8
15,Mr. Holland's Opus (1995),29-Jan-96,Drama,JXxFESHwnX0
16,French Twist (Gazon maudit) (1995),1-Jan-95,Comedy|Romance,EJXDMwGWhoA
17,From Dusk Till Dawn (1996),5-Feb-96,Action|Comedy|Crime|Horror|Thriller,Ns17RQr1yK8
18,"White Balloon, The (1995)",1-Jan-95,Drama,Rieq_TR7cV0
19,Antonia's Line (1995),1-Jan-95,Drama,DfqPjRMsRP0
20,Angels and Insects (1995),1-Jan-95,Drama|Romance,qPPUmzK5pPc
21,Muppet Treasure Island (1996),16-Feb-96,Action|Adventure|Comedy|Musical|Thriller,yNLaTtpovys
22,Braveheart (1995),16-Feb-96,Action|Drama|War,lsmXhM4yfU0
23,Taxi Driver (1976),16-Feb-96,Drama|Thriller,OOTTvrb4JZI
24,Rumble in the Bronx (1995),23-Feb-96,Action|Adventure|Crime,gHl-UHu2-lM
25,"Birdcage, The (1996)",8-Mar-96,Comedy,UMlYWZgCIgo
26,"Brothers McMullen, The (1995)",1-Jan-95,Comedy,RAYuASqrs94
27,Bad Boys (1995),1-Jan-95,Action,RQLVzTtt2Ws
28,Apollo 13 (1995),1-Jan-95,Action|Drama|Thriller,lYSHAyODiGs
29,Batman Forever (1995),1-Jan-95,Action|Adventure|Comedy|Crime,toH1vzAmDBI
30,Belle de jour (1967),1-Jan-67,Drama,mQf3Ngg2cks
31,Crimson Tide (1995),1-Jan-95,Drama|Thriller|War,gA-5nLQCmW8
32,Crumb (1994),1-Jan-94,Documentary,15s4Y9ffW_o
33,Desperado (1995),1-Jan-95,Action|Romance|Thriller,3_wez2B83ic
34,"Doom Generation, The (1995)",1-Jan-95,Comedy|Drama,tVxeoUtVF0o
35,Free Willy 2: The Adventure Home (1995),1-Jan-95,Adventure|Children's|Drama,ccq3f9-lQyM
36,Mad Love (1995),1-Jan-95,Drama|Romance,pg-GMqPHIPQ
37,Nadja (1994),1-Jan-94,Drama,qpQ-CnutDy0
38,"Net, The (1995)",1-Jan-95,Sci-Fi|Thriller,6PKq7YSpO6c
39,Strange Days (1995),1-Jan-95,Action|Crime|Sci-Fi,XuHEa7pWAQY
40,"To Wong Foo, Thanks for Everything! Julie Newmar (1995)",1-Jan-95,Comedy,zEY1dPRUrVU
41,Billy Madison (1995),1-Jan-95,Comedy,OXc0-EME0C8
42,Clerks (1994),1-Jan-94,Comedy,eETnzbLwTs8
43,Disclosure (1994),1-Jan-94,Drama|Thriller,CvsAuHYBgEQ
44,Dolores Claiborne (1994),1-Jan-94,Drama|Thriller,JHIfHL5UgFs
45,Eat Drink Man Woman (1994),1-Jan-94,Comedy|Drama,Y1uPXA1ceNo
46,Exotica (1994),1-Jan-94,Drama,K5_2VgJUSBA
47,Ed Wood (1994),1-Jan-94,Comedy|Drama,SpKbZ_3zlb0
48,Hoop Dreams (1994),1-Jan-94,Documentary,DSf_pVG8QZM
49,I.Q. (1994),1-Jan-94,Comedy|Romance,J5mszOh_Qis
50,Star Wars (1977),1-Jan-77,Action|Adventure|Romance|Sci-Fi|War,oiXdPolca5w
51,Legends of the Fall (1994),1-Jan-94,Drama|Romance|War|Western,2BBKx2Hji_0
52,"Madness of King George, The (1994)",1-Jan-94,Drama,#NAME?
53,Natural Born Killers (1994),1-Jan-94,Action|Thriller,3Fd6ZlgOFqs
54,Outbreak (1995),1-Jan-95,Action|Drama|Thriller,K4MltltKq4k
55,"Professional, The (1994)",1-Jan-94,Crime|Drama|Romance|Thriller,jG9pUsmjAO8
56,Pulp Fiction (1994),1-Jan-94,Crime|Drama,moJMVGICPc4
57,Priest (1994),1-Jan-94,Drama,ThH8WocPRM0
58,Quiz Show (1994),1-Jan-94,Drama,0or7hSz-7gc
59,Three Colors: Red (1994),1-Jan-94,Drama,mRX2-vM4eYQ
60,Three Colors: Blue (1993),1-Jan-93,Drama,yoIBXVm_B9Y
61,Three Colors: White (1994),1-Jan-94,Drama,jY56N6irNCk
62,Stargate (1994),1-Jan-94,Action|Adventure|Sci-Fi,JYoWGIrXiz0
63,"Santa Clause, The (1994)",1-Jan-94,Children's|Comedy,JAAhQwcJ20U
64,"Shawshank Redemption, The (1994)",1-Jan-94,Drama,Psql1jhaIiA
65,What's Eating Gilbert Grape (1993),1-Jan-93,Comedy|Drama,9J6qOSUJXy0
66,While You Were Sleeping (1995),1-Jan-95,Comedy|Romance,MubmJ2jwvOM
67,Ace Ventura: Pet Detective (1994),1-Jan-94,Comedy,z7oSfRVevzU
68,"Crow, The (1994)",1-Jan-94,Action|Romance|Thriller,Qd_88LUuHGU
69,Forrest Gump (1994),1-Jan-94,Comedy|Romance|War,dxduMVVnrvU
70,Four Weddings and a Funeral (1994),1-Jan-94,Comedy|Romance,9gQuxMD5jzU
71,"Lion King, The (1994)",1-Jan-94,Animation|Children's|Musical,YC3npzqwXcs
72,"Mask, The (1994)",1-Jan-94,Comedy|Crime|Fantasy,c_Q1WwePBNI
73,Maverick (1994),1-Jan-94,Action|Comedy|Western,hck5I4F1OgU
74,Faster Pussycat! Kill! Kill! (1965),1-Jan-65,Action|Comedy|Drama,GJ6-ymSjShg
75,Brother Minister: The Assassination of Malcolm X (1994),1-Jan-94,Documentary,rZU6xGcShw8
76,Carlito's Way (1993),1-Jan-93,Crime|Drama,1AeAvE3FxQ8
77,"Firm, The (1993)",1-Jan-93,Drama|Thriller,xjPZbigB4NA
78,Free Willy (1993),1-Jan-93,Adventure|Children's|Drama,kDdwRURSEzI
79,"Fugitive, The (1993)",1-Jan-93,Action|Thriller,Awng-jZnkoY
80,Hot Shots! Part Deux (1993),1-Jan-93,Action|Comedy|War,jL4l_tyPC0Y
81,"Hudsucker Proxy, The (1994)",1-Jan-94,Comedy|Romance,i1o_PO3ridY
82,Jurassic Park (1993),1-Jan-93,Action|Adventure|Sci-Fi,qiAyu1qKkfE
83,Much Ado About Nothing (1993),1-Jan-93,Comedy|Romance,UwkAOHd8WRU
84,Robert A. Heinlein's The Puppet Masters (1994),1-Jan-94,Horror|Sci-Fi,FmYKCjilWAs
85,"Ref, The (1994)",1-Jan-94,Comedy,bdqnz-FtIog
86,"Remains of the Day, The (1993)",1-Jan-93,Drama,69ZoLvE9SpQ
87,Searching for Bobby Fischer (1993),1-Jan-93,Drama,FjPueQfeQLs
88,Sleepless in Seattle (1993),1-Jan-93,Comedy|Romance,BRgCb1QjOv4
89,Blade Runner (1982),1-Jan-82,Film-Noir|Sci-Fi,o6trRzB8fiA
90,So I Married an Axe Murderer (1993),1-Jan-93,Comedy|Romance|Thriller,PQJW7o37XJo
101,Heavy Metal (1981),8-Mar-81,Action|Adventure|Animation|Horror|Sci-Fi,hspUSez-rYY
92,True Romance (1993),1-Jan-93,Action|Crime|Romance,qgHHBYzgL-s
93,Welcome to the Dollhouse (1995),24-May-96,Comedy|Drama,HBel3A1-f2c
94,Home Alone (1990),1-Jan-90,Children's|Comedy,0AvkCamSj5o
95,Aladdin (1992),1-Jan-92,Animation|Children's|Comedy|Musical,De29KipeZQw
96,Terminator 2: Judgment Day (1991),1-Jan-91,Action|Sci-Fi|Thriller,vBS92ui_h74
97,Dances with Wolves (1990),1-Jan-90,Adventure|Drama|Western,M2Wl4li8TFo
98,"Silence of the Lambs, The (1991)",1-Jan-91,Drama|Thriller,cR1Zvw5MmLs
99,Snow White and the Seven Dwarfs (1937),1-Jan-37,Animation|Children's|Musical,oA7M9qSJKrE
100,Fargo (1996),14-Feb-97,Crime|Drama|Thriller,OlCO01s1upA
